imageDimension,DFT Time (sec),FFT Time (sec)
2,0.000899982,0.000200009
4,0.004299998,0.000199986
8,0.013500023,0.000199986
16,0.086199999,0.000199986
32,0.676999998,0.000200009
